word,level
cat,elementary
dog,elementary
fish,elementary
bird,elementary
pig,elementary
frog,elementary
hen,elementary
cow,elementary
bug,elementary
ant,elementary
bee,elementary
bat,elementary
fox,elementary
owl,elementary
hat,elementary
the,elementary
and,elementary
for,elementary
you,elementary
say,elementary
she,elementary
her,elementary
was,elementary
all,elementary
are,elementary
they,elementary
what,elementary
were,elementary
when,elementary
your,elementary
can,elementary
said,elementary
there,elementary
use,elementary
each,elementary
which,elementary
this,elementary
that,elementary
look,elementary
more,elementary
made,elementary
may,elementary
part,elementary
into,elementary
over,elementary
know,elementary
than,elementary
find,elementary
first,elementary
down,elementary
been,elementary
call,elementary
who,elementary
now,elementary
long,elementary
time,elementary
much,elementary
tell,elementary
very,elementary
new,elementary
any,elementary
from,elementary
have,elementary
some,elementary
him,elementary
make,elementary
has,elementary
see,elementary
his,elementary
how,elementary
our,elementary
out,elementary
just,elementary
get,elementary
man,elementary
old,elementary
not,elementary
day,elementary
red,elementary
blue,elementary
green,elementary
pink,elementary
gray,elementary
food,elementary
cake,elementary
pie,elementary
egg,elementary
jam,elementary
bread,elementary
rice,elementary
meat,elementary
soup,elementary
book,elementary
pen,elementary
desk,elementary
math,elementary
read,elementary
test,elementary
gym,elementary
bell,elementary
art,elementary
hall,elementary
room,elementary
map,elementary
ball,elementary
web,elementary
site,elementary
game,elementary
app,elementary
chat,elementary
key,elementary
type,elementary
mouse,elementary
click,elementary
link,elementary
good,elementary
best,elementary
fun,elementary
kind,elementary
nice,elementary
glad,elementary
joy,elementary
like,elementary
hope,elementary
care,elementary
help,elementary
safe,elementary
play,elementary
sun,elementary
moon,elementary
star,elementary
tree,elementary
leaf,elementary
rock,elementary
rain,elementary
snow,elementary
hill,elementary
car,elementary
bike,elementary
boat,elementary
ship,elementary
train,elementary
plane,elementary
van,elementary
bus,elementary
sky,elementary
sand,elementary
wind,elementary
farm,elementary
jump,elementary
swim,elementary
walk,elementary
talk,elementary
flag,elementary
step,elementary
gift,elementary
shop,elementary
love,elementary
kite,elementary
hand,elementary
atom,elementary
cell,elementary
plant,elementary
grow,elementary
stem,elementary
root,elementary
soil,elementary
air,elementary
heat,elementary
cold,elementary
mix,elementary
melt,elementary
float,elementary
sink,elementary
mario,elementary
luigi,elementary
yoshi,elementary
peach,elementary
toad,elementary
kirby,elementary
cup,elementary
pan,elementary
box,elementary
toy,elementary
run,elementary
sit,elementary
fly,elementary
up,elementary
big,elementary
small,elementary
fast,elementary
slow,elementary
soft,elementary
road,elementary
lamp,elementary
door,elementary
wall,elementary
home,elementary
shoe,elementary
sock,elementary
coat,elementary
duck,elementary
goat,elementary
sheep,elementary
easy,elementary
tall,elementary
short,elementary
near,elementary
far,elementary
stop,elementary
go,elementary
eat,elementary
five,elementary
ten,elementary
baby,elementary
kid,elementary
boy,elementary
girl,elementary
at,elementary
am,elementary
an,elementary
as,elementary
be,elementary
by,elementary
do,elementary
he,elementary
hi,elementary
if,elementary
in,elementary
is,elementary
it,elementary
me,elementary
my,elementary
no,elementary
of,elementary
on,elementary
or,elementary
so,elementary
to,elementary
us,elementary
we,elementary
rabbit,middle
tiger,middle
lion,middle
monkey,middle
zebra,middle
elephant,middle
giraffe,middle
dolphin,middle
penguin,middle
turtle,middle
panda,middle
koala,middle
bear,middle
wolf,middle
shark,middle
eagle,middle
lizard,middle
octopus,middle
yellow,middle
purple,middle
orange,middle
brown,middle
gold,middle
silver,middle
rainbow,middle
violet,middle
teal,middle
navy,middle
lime,middle
apple,middle
banana,middle
grape,middle
pizza,middle
cookie,middle
candy,middle
popcorn,middle
cheese,middle
sandwich,middle
taco,middle
pasta,middle
salad,middle
carrot,middle
potato,middle
muffin,middle
donut,middle
berry,middle
pencil,middle
paper,middle
chair,middle
class,middle
science,middle
music,middle
library,middle
lunch,middle
recess,middle
backpack,middle
homework,middle
project,middle
exam,middle
computer,middle
phone,middle
tablet,middle
robot,middle
code,middle
screen,middle
video,middle
photo,middle
camera,middle
watch,middle
speaker,middle
wireless,middle
digital,middle
keyboard,middle
internet,middle
happy,middle
smile,middle
brave,middle
smart,middle
bright,middle
super,middle
amazing,middle
awesome,middle
cool,middle
great,middle
epic,middle
clever,middle
hero,middle
friend,middle
excellent,middle
forest,middle
ocean,middle
planet,middle
mountain,middle
garden,middle
weather,middle
climate,middle
valley,middle
canyon,middle
soccer,middle
baseball,middle
football,middle
tennis,middle
hockey,middle
basketball,middle
swimming,middle
running,middle
jumping,middle
skating,middle
century,middle
galaxy,middle
statue,middle
history,middle
gravity,middle
museum,middle
castle,middle
theater,middle
kingdom,middle
wisdom,middle
courage,middle
victory,middle
puzzle,middle
trophy,middle
concert,middle
comedy,middle
mystery,middle
melody,middle
rhythm,middle
harmony,middle
chorus,middle
canvas,middle
painting,middle
drawing,middle
sculpture,middle
ceramic,middle
actor,middle
studio,middle
orchestra,middle
composer,middle
zelda,middle
samus,middle
donkey,middle
bowser,middle
wario,middle
daisy,middle
rosalina,middle
pikachu,middle
jigglypuff,middle
whale,middle
crab,middle
deer,middle
moose,middle
goose,middle
squirrel,middle
raccoon,middle
hedgehog,middle
swift,middle
peaceful,middle
exciting,middle
creative,middle
careful,middle
helpful,middle
calendar,middle
clock,middle
weekend,middle
minute,middle
hour,middle
autumn,middle
winter,middle
spring,middle
summer,middle
island,middle
desert,middle
swamp,middle
jungle,middle
stream,middle
waterfall,middle
bridge,middle
tower,middle
magic,middle
dragon,middle
wizard,middle
rocket,middle
compass,middle
journey,middle
quest,middle
helmet,middle
shield,middle
adventure,middle
treasure,middle
discover,middle
explore,middle
crystal,middle
diamond,middle
ruby,middle
mammal,high
reptile,high
amphibian,high
primate,high
canine,high
feline,high
equine,high
marsupial,high
crustacean,high
amber,high
coral,high
indigo,high
turquoise,high
sapphire,high
emerald,high
crimson,high
cuisine,high
nutrition,high
dessert,high
protein,high
vitamin,high
mineral,high
organic,high
vegetarian,high
semester,high
graduation,high
biology,high
chemistry,high
physics,high
algebra,high
geometry,high
calculus,high
psychology,high
network,high
security,high
software,high
hardware,high
programming,high
interface,high
protocol,high
processor,high
bandwidth,high
outstanding,high
exceptional,high
brilliant,high
fantastic,high
magnificent,high
impressive,high
phenomenal,high
remarkable,high
wonderful,high
molecule,high
electron,high
element,high
compound,high
ecosystem,high
theorem,high
equation,high
velocity,high
genetics,high
narrative,high
metaphor,high
symbolism,high
character,high
chapter,high
poetry,high
fiction,high
essay,high
analysis,high
synthesis,high
hypothesis,high
democracy,high
republic,high
economic,high
function,high
variable,high
periodic,high
symphony,high
influence,high
innovation,high
strategy,high
prosperity,high
perspective,high
integrity,high
latitude,high
longitude,high
continent,high
peninsula,high
isthmus,high
plateau,high
terrain,high
cultural,high
boundary,high
region,high
capital,high
nation,high
resource,high
ganondorf,high
metroid,high
mewtwo,high
charizard,high
bulbasaur,high
charmander,high
lucario,high
population,high
environment,high
civilization,high
technology,high
revolution,high
government,high
experiment,high
observation,high
conclusion,high
investigation,high
procedure,high
frequency,high
intensity,high
magnitude,high
diameter,high
circumference,high
perimeter,high
measurement,high
atmosphere,high
photosynthesis,high
conservation,high
adaptation,high
evolution,high
biodiversity,high
sustainability,high
collaboration,high
communication,high
creativity,high
responsibility,high
determination,high
perseverance,high
discipline,high
enthusiasm,high
dedication,high
motivation,high
inspiration,high
aspiration,high
achievement,high
constellation,high
expedition,high
renaissance,high
significant,high
fundamental,high
elaborate,high
comprehensive,high
conventional,high
innovative,high
essential,high
substantial,high
vertebrate,staff
invertebrate,staff
carnivore,staff
herbivore,staff
omnivore,staff
arthropod,staff
mollusk,staff
magenta,staff
periwinkle,staff
cerulean,staff
vermilion,staff
culinary,staff
gourmet,staff
nutrient,staff
metabolism,staff
gastronomy,staff
appetizer,staff
assessment,staff
evaluation,staff
criterion,staff
differentiation,staff
methodology,staff
literature,staff
algorithm,staff
database,staff
encryption,staff
infrastructure,staff
virtualization,staff
peripheral,staff
exemplary,staff
proficient,staff
distinguished,staff
commendable,staff
analytics,staff
component,staff
framework,staff
structure,staff
workflow,staff
integrate,staff
pedagogy,staff
cognition,staff
curriculum,staff
milestone,staff
objective,staff
benchmark,staff
coherent,staff
compliance,staff
initiative,staff
foundation,staff
strategic,staff
scaffolding,staff
leadership,staff
engagement,staff
professional,staff
development,staff
collaborative,staff
acquisition,staff
remediation,staff
optimization,staff
policy,staff
guideline,staff
implement,staff
oversight,staff
credential,staff
faculty,staff
committee,staff
council,staff
provision,staff
accredit,staff
tenure,staff
pokemon,staff
splatoon,staff
starfox,staff
articulation,staff
implementation,staff
accountability,staff
qualification,staff
standardization,staff
documentation,staff
configuration,staff
authorization,staff
authentication,staff
certification,staff
professionalism,staff
administrative,staff
institutional,staff
operational,staff
organizational,staff
interdisciplinary,staff
multidisciplinary,staff
jurisprudence,staff
legislation,staff
regulatory,staff
procurement,staff
proprietary,staff
categorical,staff
differentiated,staff
intervention,staff
supplemental,staff
articulate,staff
facilitate,staff
calibrate,staff
accommodate,staff
consolidate,staff
